epoch,angioma_dice,bg_dice,cyst_dice,hcc_dice,loss,val_angioma_dice,val_bg_dice,val_cyst_dice,val_hcc_dice,val_loss
0,0.12735786,0.9413502,0.21951705,0.7879778,0.006679747491568985,0.07368421,0.94787645,0.42285386,0.8504413,0.0061446010765595065
1,0.068351954,0.9572809,0.40104485,0.83515704,0.005216483755581915,0.03395716,0.9505059,0.43949673,0.82697135,0.006504758552764543
2,0.075524,0.9658389,0.47878322,0.85552084,0.004420530185142308,0.09171394,0.9572911,0.4688253,0.875578,0.005393726498004981
3,0.12833619,0.97079295,0.52293116,0.8681358,0.0038892791567671932,0.071492165,0.96413386,0.46587962,0.8659429,0.005443761896887353
4,0.16151008,0.9739421,0.5586898,0.8778986,0.003512516373528869,0.092245005,0.96392244,0.3947045,0.80829275,0.00677659570876705
