epoch,angioma_dice,bg_dice,cyst_dice,hcc_dice,loss,val_angioma_dice,val_bg_dice,val_cyst_dice,val_hcc_dice,val_loss
0,0.091691755,0.96374583,0.4691966,0.8596667,0.004494149633002838,0.093900315,0.9717152,0.58021516,0.894426,0.004491505388807701
1,0.17276014,0.97586393,0.58936584,0.88935125,0.0033137996408202767,0.114732414,0.9738329,0.59795624,0.9078077,0.004679271320009751
2,0.20826069,0.97898173,0.6333982,0.89983916,0.0028858108157324984,0.1804568,0.974578,0.5921624,0.88765395,0.004547027562986937
3,0.23153606,0.9808859,0.664641,0.9062908,0.002630445026145926,0.1697013,0.9798295,0.5956195,0.8868815,0.004229201800006099
4,0.2536587,0.98206186,0.68309855,0.9109986,0.0024540647944463457,0.15157187,0.977141,0.6259944,0.9079375,0.004703575102581741
5,0.26514745,0.9828541,0.6968618,0.9145378,0.002326734222328216,0.18105571,0.98013645,0.6544222,0.9087547,0.004061241432975389
6,0.28148368,0.98359066,0.7117537,0.9183933,0.0022010584890519084,0.19417913,0.97545755,0.61644536,0.9015053,0.0050152159676623625
7,0.29268378,0.9841573,0.71480054,0.92013764,0.0021263214958459685,0.1870538,0.97851306,0.65187246,0.91652316,0.004518270292426582
8,0.30422506,0.98471355,0.7277076,0.9225991,0.0020279565813111234,0.19565232,0.9773789,0.6328271,0.91667444,0.004916596099149166
